patient_id,delivery_id,postpartum_timeline,postpartum_day_number,visit_date,systolic_bp_mmHg,diastolic_bp_mmHg,pulse_bpm,temperature_C,maternal_weight_kg,vaginal_bleeding_lochia,uterine_involution_status,perineal_or_surgical_wound_status,pain_scale_0_to_10,headache_or_vision_changes,urinary_and_bowel_function,breastfeeding_and_lactation,breast_examination_findings,hemoglobin_g_dL,epds_depression_score,emotional_wellbeing_and_bonding,contraceptive_method,prescribed_medications_and_supplements,ai_risk_pattern,clinician_review_status,clinical_notes_and_guidance
PAT-IN-2026-001,DELIV-2026-001,Day 1 (Immediate Postpartum),1,2025-09-11,128,82,78,36.8,62.0,Lochia Rubra (Normal moderate flow),Uterus well-contracted 2cm below umbilicus,Perineum 2nd degree tear sutured intact; no hematoma,4,None,Spontaneous urination normal; bowels not yet opened,Colostrum expressed; infant latching well,Soft non-tender colostrum secretion,10.6,2,Alert and bonding affectionately with newborn,Lactational Amenorrhea Method (LAM) advised,Paracetamol 500mg SOS + IFA + Calcium,NORMAL_POSTPARTUM_RECOVERY,REVIEWED_AGREED,Immediate postpartum course uneventful. Vitals stable. Active management of third stage of labour completed. Early skin-to-skin and breastfeeding established within 1 hour.
PAT-IN-2026-001,DELIV-2026-001,Day 3 (Pre-discharge Check),3,2025-09-13,124,80,76,36.7,60.8,Lochia Rubra (Decreasing flow),Uterus midway between umbilicus and symphysis pubis,Perineal wound clean and dry; edges well-apposed,3,None,Normal urination; passed soft stool with no straining,Transitional milk coming in; active feeding,Mild breast fullness; no signs of mastitis or fissures,10.8,3,Emotionally stable; positive maternal bonding,Counselled on postpartum contraception,IFA 1 tab daily + Calcium 500mg daily,NORMAL_POSTPARTUM_RECOVERY,REVIEWED_AGREED,Mother and baby fit for discharge. Educated on danger signs: excessive bleeding, fever, foul lochia, severe headache. Advised to continue oral IFA and calcium for 6 months.
PAT-IN-2026-001,DELIV-2026-001,Day 7 (First Week Home Visit),7,2025-09-17,122,78,74,36.6,59.5,Lochia Serosa (Pinkish-brown normal flow),Uterus well involuted barely palpable above symphysis,Perineal healing proceeding well; minimal discomfort,2,None,Normal voiding; bowels regular,Mature milk established; feeding every 2-3 hours,Both breasts soft after feeds; nipples intact,11.0,4,Coping well with family support; good sleep hygiene,Exclusive breastfeeding (LAM),IFA + Calcium + Vitamin D3,NORMAL_POSTPARTUM_RECOVERY,REVIEWED_AGREED,ANM home visit completed. Episiotomy wound clean and healing by primary intention. Lochia normal in odor and quantity. Baby suckling vigorously.
PAT-IN-2026-001,DELIV-2026-001,Day 14 (Second Week Check),14,2025-09-24,120,76,72,36.7,58.8,Lochia Serosa/Alba (Light yellowish discharge),Uterus fully non-palpable abdominally,Perineal sutures absorbed; wound healed,1,None,Normal bladder and bowel habits,Exclusive breastfeeding; comfortable latch,Normal lactation; no engorgement,11.2,3,High maternal confidence; attentive to newborn cues,Exclusive breastfeeding (LAM),IFA + Calcium,NORMAL_POSTPARTUM_RECOVERY,REVIEWED_AGREED,Blood pressure within completely normal limits (120/76). Antihypertensive discontinued safely. Uterine involution complete into true pelvis. Mother reports feeling energetic.
PAT-IN-2026-001,DELIV-2026-001,Day 42 (6-Week Comprehensive PNC),42,2025-10-22,118,74,70,36.6,57.5,Lochia Alba resolved completely,Pelvic examination shows normal pre-gravid uterine size,Perineum fully healed; non-tender,0,None,Normal pelvic floor tone,Exclusive breastfeeding maintained,Normal healthy lactation,11.5,2,Mood cheerful; loving interaction with infant,Postpartum Intrauterine Device (PPIUD) or DMPA discussed,IFA + Calcium continued,OPTIMAL_POSTPARTUM_INVOLUTION,REVIEWED_AGREED,Mandatory 6-week postnatal checkup completed. Hemoglobin improved to 11.5 g/dL. EPDS score 2/30 (no depression). Pelvic floor assessment satisfactory. Mother opted for Progestin-only Pill (POP) compatible with lactation.
PAT-IN-2026-001,DELIV-2026-001,Month 3 (12-Week Follow-up),90,2025-12-09,116,74,72,36.6,56.5,None,Normal pre-gravid state,Healed,0,None,Normal,Exclusive breastfeeding continued,Normal lactation,11.8,2,Very well adjusted; sleeping 6 hours at night,Progestin-only pill (POP),IFA + Multivitamin,NORMAL_MATERNAL_HEALTH,REVIEWED_AGREED,Quarterly wellness review. Baby thriving on exclusive breastmilk. Mother reports return of normal physical activity and gentle yoga exercises. Blood pressure completely normal.
PAT-IN-2026-001,DELIV-2026-001,Month 6 (24-Week Weaning Assessment),180,2026-03-09,118,72,70,36.7,55.8,None,Normal pre-gravid state,Healed,0,None,Normal,Breastfeeding + Initiating complementary feeds,Normal lactation,12.0,1,Active and healthy; balanced family routine,Progestin-only pill / Condoms,Dietary calcium and balanced nutrition,NORMAL_MATERNAL_HEALTH,REVIEWED_AGREED,6 months postnatal milestone reached. Successful exclusive breastfeeding for 6 completed months. Advised hygienic introduction of soft complementary foods for baby while continuing breastmilk.
PAT-IN-2026-001,DELIV-2026-001,Month 9 (36-Week Health Check),270,2026-06-07,116,74,72,36.6,55.2,Menses resumed regular 28-day cycle,Normal,Healed,0,None,Normal,Sustained partial breastfeeding,Normal,12.2,2,Emotionally fulfilled; excellent baby interaction,Barrier contraception / POP,Nutritious balanced family diet,NORMAL_MATERNAL_HEALTH,REVIEWED_AGREED,Normal return of menstruation. Cervical smear screening (Pap test) offered. Mother maintains good stamina and nutritional index.
PAT-IN-2026-001,DELIV-2026-001,Month 12 (1-Year Postpartum Review),365,2026-09-10,118,74,72,36.6,54.8,Regular menses,Normal anatomical nulliparous-like tone,Healed,0,None,Normal,Weaning gradually; breastfeeding 2-3 times/day,Normal,12.4,1,High quality of life; confident parenting,Oral contraceptive pills / Barrier,Routine annual wellness care,COMPLETE_1_YEAR_POSTPARTUM_SUCCESS,REVIEWED_AGREED,Comprehensive 1-year maternal health evaluation completed. Hemoglobin normalized at 12.4 g/dL. Blood pressure 118/74 mmHg. No long-term sequelae from mild gestational hypertension. Mother and child both thriving.
